제목,언론사,날짜,링크
"삼성SDI-스텔란티스, 美 배터리 합작 '조기 가동' 띄운다",전자신문,20240101,https://www.etnews.com/20231228000244
"[신년사] 최윤호 삼성SDI 사장 ""차원 다른 변화와 혁신 필요""",연합뉴스,20240102,https://www.yna.co.kr/view/AKR20240102033300003?input=1195m
전기차 침체가 ‘기회’…투자 속도 높이는 삼성SDI,이투데이,20240103,https://www.etoday.co.kr/news/view/2317717
더 끈끈해진 '삼성·현대차 동맹'…이번엔 SW 공동개발,한국경제,20240104,https://www.hankyung.com/article/2024010428621
"다올투자증권, LG엔솔·삼성SDI 목표가↓…""전기차 수요 둔화""",연합뉴스,20240105,https://www.yna.co.kr/view/AKR20240105028600002?input=1195m
반발매수에 다우ㆍ나스닥 '훨훨'...테슬라 하락 삼성SDIㆍ에코프로에 악...,핀포인트뉴스,20240106,https://www.pinpointnews.co.kr/news/articleView.html?idxno=236782
원통형 배터리 각축…'4680 大戰' SK온도 뛰어들었다,한국경제,20240107,https://www.hankyung.com/article/2024010772551
"""삼성SDI, 작년 4분기 실적 기대 이하…목표가↓""-IBK",한국경제,20240108,https://www.hankyung.com/article/2024010877566
"""삼성SDI, 올해 성장 제한적…내년부터 추가 수주 기대""-신영",한국경제,20240109,https://www.hankyung.com/article/2024010903686
"'삼성SDI, 52주 신저가' 실적 둔화 우려에 2차전지주 줄하락[핫종목]",뉴스1,20240110,https://www.news1.kr/articles/5286423
삼성SDI 최근 1년 동안 시총 감소 1위...포스코DX 증가율 최고,일간스포츠,20240111,https://isplus.com/article/view/isp202401110056
[특징주] 전기차 수요 감소에 2차전지주 약세…삼성SDI 신저가(종합),연합뉴스,20240112,https://www.yna.co.kr/view/AKR20240112040351002?input=1195m
"[모닝픽] 삼성SDI, 캐나다니켈 지분 8.7% 확보",글로벌이코노믹,20240113,http://www.g-enews.com/ko-kr/news/article/news_all/20240113011739428e8b8a793f7_1/article.html
코스피 주간 외국인 순매도 1위 ‘삼성SDI’,이데일리,20240114,http://www.edaily.co.kr/news/newspath.asp?newsid=01246406638757720
"삼성SDI, 캐나다산 니켈 확보…현지 기업 지분 투자",뉴스1,20240115,https://www.news1.kr/articles/5290931
"홍해 사태 격화, 해운주는 웃겠지만·니켈광산 산 삼성SDI [신인규의 이...",한국경제TV,20240116,http://www.wowtv.co.kr/NewsCenter/News/Read?articleId=A202401160032&t=NN
"KB증권, 삼성SDI 목표가↓…""4분기 영업익 컨센서스 하회 전망""",연합뉴스,20240117,https://www.yna.co.kr/view/AKR20240117025400002?input=1195m
"[특징주] 삼성SDI, 전기차 수요 둔화 우려 속 52주 신저가",연합뉴스,20240118,https://www.yna.co.kr/view/AKR20240118035000002?input=1195m
"'美 기술주 훈풍' 코스피, 1%대 올라 2470선…삼성전자 2%대↑",이데일리,20240119,http://www.edaily.co.kr/news/newspath.asp?newsid=01685926638759360
"[종목분석] 삼성SDI, 전방 수요 둔화에도 기대감 여전",EBN,20240120,https://www.ebn.co.kr/news/view/1609314/?sc=Naver
"공매도 금지 두달째…외인 던진 이차전지, 개미가 받았다",이투데이,20240121,https://www.etoday.co.kr/news/view/2323128
"[단독]삼성SDI, 스텔란티스와 美 IRA 보조금 협상 완료",이데일리,20240122,http://www.edaily.co.kr/news/newspath.asp?newsid=03250486638760344
"""삼성SDI 목표가 100만원→60만원 하향 조정""…왜?",이데일리,20240123,http://www.edaily.co.kr/news/newspath.asp?newsid=01426806638760672
"삼성SDI, 울산에 ‘1兆 규모’ 양극재·배터리 생산공장 짓는다",파이낸셜뉴스,20240124,http://www.fnnews.com/news/202401241819145432
"LG엔솔·삼성SDI·SK온 ""차세대 배터리를 잡아라""",디지털타임스,20240125,https://www.dt.co.kr/contents.html?article_no=2024012602101232049001&ref=naver
갤S24 대박 채비… 삼성SDI 덩달아 웃는다,뉴데일리,20240126,https://biz.newdaily.co.kr/site/data/html/2024/01/26/2024012600058.html
"""가족들 다 삼성전자·포스코 샀는데""...개미 아우성",파이낸셜뉴스,20240127,http://www.fnnews.com/news/202401261609464582
[비즈S+] 실적 꺾인 '맏형' LG엔솔… 삼성SDI·SK온 전망은,머니S,20240128,https://www.moneys.co.kr/article/2024012614392190852
"""옆 부서 동기는 연봉 50%, 나는 0원""…삼성전자 성과급 극과극(종합)",뉴스1,20240129,https://www.news1.kr/articles/5304996
"삼성SDI, 작년 매출 신기록…배터리 영업익 93% ↑",뉴시스,20240130,http://www.newsis.com/view/?id=NISX20240130_0002609773&cID=13001&pID=13000
"하나증권, 삼성SDI 목표가 내려…""실적 부진 지속""",연합뉴스,20240131,https://www.yna.co.kr/view/AKR20240131025200008?input=1195m
"증권가, 최대 매출 삼성SDI 목표주가 일제히 하향",서울파이낸스,20240201,http://www.seoulfn.com/news/articleView.html?idxno=509339
"삼성株 '넘버2' 약진…삼바, 존재감 커진다",한국경제,20240202,https://www.hankyung.com/article/2024020209551
"성균관대-삼성SDI 공동연구진, 신규 고분자 바인더의 새로운 이온수송 ...",뉴스티앤티,20240203,http://www.newstnt.com/news/articleView.html?idxno=341898
"증권가, 2차전지株 목표가 줄하향…하락률 1위 삼성SDI",서울경제,20240204,https://www.sedaily.com/NewsView/2D58AO4R41
"삼성그룹株, 이재용 ‘경영권 불법 승계 의혹’ 선고공판 출석에 혼조세...",이코노미스트,20240205,https://economist.co.kr/article/view/ecn202402050023
"메리 바라 GM 회장, 韓 찾아 LG엔솔·삼성SDI 사장 만난다",한국경제,20240206,https://www.hankyung.com/article/202402068393i
"[단독] 메리 바라 GM 회장, 삼성SDI부터 하만까지 만났다",파이낸셜뉴스,20240207,http://www.fnnews.com/news/202402071301308034
"""삼성SDI, 전기차 배터리 역대 최대 매출 경신했다""",에너지데일리,20240208,http://www.energydaily.co.kr/news/articleView.html?idxno=144049
'갤럭시 0%대' 점유율에도..中 공들이는 삼성,파이낸셜뉴스,20240209,http://www.fnnews.com/news/202402061415044275
"삼성SDI, 호주 니켈-코발트 프로젝트 NiWest에 투자 추진",글로벌이코노믹,20240210,http://www.g-enews.com/ko-kr/news/article/news_all/202402100804149935e8b8a793f7_1/article.html
"'자동차王' GM, 삼성 계열사와 광폭회동의 의미",뉴스웨이,20240211,https://www.newsway.co.kr/news/view?ud=2024020813422966165
"이재용, 설날 첫 현장 경영…말레이시아 삼성SDI 공장 방문",뉴시스,20240212,http://www.newsis.com/view/?id=NISX20240212_0002623575&cID=13001&pID=13000
"이재용, 말레이 삼성SDI 현장 찾아… “단기실적 일희일비 말고 변화 주...",동아일보,20240213,https://www.donga.com/news/Economy/article/all/20240212/123487354/1
"'담대한 투자' 주문한 이재용 회장…삼성SDI, 설비투자 늘릴까",뉴시스,20240214,http://www.newsis.com/view/?id=NISX20240214_0002625511&cID=13001&pID=13000
美 공장 돌릴 때마다 韓 세금 '눈덩이'…SK·한화 줄줄이 직격탄,한국경제,20240215,https://www.hankyung.com/article/2024021568751
"'FCF 적자' 삼성SDI, 역대급 시설투자 이어갈 고부가 라인 눈길",블로터,20240216,https://www.bloter.net/news/articleView.html?idxno=612303
[하나證 주간추천주]현대차·삼성SDI·KCC,이데일리,20240217,http://www.edaily.co.kr/news/newspath.asp?newsid=01380886638791504
'이차전지 최악의 혹한기인데…' 증권가가 삼성SDI 주목한 까닭 [추천추...,파이낸셜포스트,20240218,https://www.financialpost.co.kr/news/articleView.html?idxno=200953
"현대차증권 ""이차전지 산업 저점 지나는 중…포스코퓨처엠·LG화학·삼성...",디지털타임스,20240219,https://www.dt.co.kr/contents.html?article_no=2024021902109963060001&ref=naver
"'항소 리스크' 이재용 삼성 회장, 등기이사 복귀 안한다(종합)",이데일리,20240220,http://www.edaily.co.kr/news/newspath.asp?newsid=02256646638792488
"삼성, 'R&D' 역랑 강화 속도…외국인 인재 대거 뽑는다",뉴시스,20240221,http://www.newsis.com/view/?id=NISX20240221_0002634734&cID=13001&pID=13000
"포스코퓨처엠, 삼성SDI향 공장 첫 삽… 흑연 탈중국 추진도",파이낸셜뉴스,20240222,http://www.fnnews.com/news/202402221831429576
"삼성SDI-GM 미국 배터리공장 건설 순항, 전기차 수요 둔화 우려 일축",비즈니스포스트,20240223,https://www.businesspost.co.kr/BP?command=article_view&num=343502
[삼성그룹] 시가총액 1조824억원 감소...삼성생명 3.8% 상승 '주목',핀포인트뉴스,20240224,https://www.pinpointnews.co.kr/news/articleView.html?idxno=247738
"(현장+)""삼성·LG도 줄섰다""…포스코퓨처엠 광양 양극재 공장",뉴스토마토,20240225,http://www.newstomato.com/ReadNews.aspx?no=1220847&inflow=N
삼성전자 소외에 이것도 ‘끙끙’···현대차·SK에 수익률 얼마나 뒤졌...,매일경제,20240226,https://www.mk.co.kr/article/10951574
[단독] 삼성SDS 업무툴 일부 '먹통'…삼성전자·디스플레이·SDI 등 업무...,더팩트,20240227,http://news.tf.co.kr/read/economy/2078974.htm
"레이크머티리얼즈, 주가 급등…삼성SDI 전고체 배터리 샘플 소식에 주목",빅데이터뉴스,20240228,http://www.thebigdata.co.kr/view.php?ud=202402280530007664cd1e7f0bdf_23
"1위 삼성전자 주가·2위 파워로직스 주가·3위 삼성SDI 주가, 2월 4주차 ...",스타데일리뉴스,20240229,https://www.stardailynews.co.kr/news/articleView.html?idxno=437854
'전기차 한파에도'..삼성SDI 2년연속 R&D 1조 투자,파이낸셜뉴스,20240301,http://www.fnnews.com/news/202402281528215788
"[모닝픽] 삼성물산, 루마니아 SMR 프로젝트 진출 앞서 사무소 설립",글로벌이코노믹,20240302,http://www.g-enews.com/ko-kr/news/article/news_all/202403020704319974e8b8a793f7_1/article.html
"배터리 혁신의 전쟁터... '인터배터리 2024'에서 미래 기술 대전, LG엔솔...",문화뉴스,20240303,https://www.mhns.co.kr/news/articleView.html?idxno=575581
"삼성, 전자계열사 노동자 “정신건강 적신호” 주장에 “사실과 다르다...",조선비즈,20240304,https://biz.chosun.com/it-science/ict/2024/03/04/YNFGFTT2MZDKTNUL655NIKYEFM/?utm_source=naver&utm_medium=original&utm_campaign=biz
"삼성SDI ""전고체 배터리 양산 로드맵 첫 공개""",파이낸셜뉴스,20240305,http://www.fnnews.com/news/202403050922271818
[단독] 삼성SDI '46파이 4총사' 띄운다…배터리戰場서 초격차 승부수,서울경제,20240306,https://www.sedaily.com/NewsView/2D6J5PU6EC
[단독] 삼성SDI '지름 46㎜' 배터리 4개 라인업 박차…내년 양산 노린다...,서울경제,20240307,https://www.sedaily.com/NewsView/2D6JJZ4F6O
"삼성SDI, 차세대 '46파이' 배터리 내년 양산 이틀째 강세[핫스탁](종합)",뉴시스,20240308,http://www.newsis.com/view/?id=NISX20240308_0002653890&cID=10403&pID=15000
[2차전지 TOP 10] 삼성SDI 3.4% 올라 업종내 상승률 선두,핀포인트뉴스,20240309,https://www.pinpointnews.co.kr/news/articleView.html?idxno=250805
"조정 거친 삼성SDI, 전고체 배터리 호재 [株슐랭 가이드]",파이낸셜뉴스,20240310,http://www.fnnews.com/news/202403101804164814
"LG엔솔·삼성SDI·SK온, 차세대 배터리 개발 착수",아시아투데이,20240311,https://www.asiatoday.co.kr/view.php?key=20240311010005115
"불기둥 세운 '2차전지'…삼성SDI, 11%↑[핫종목]",뉴스1,20240312,https://www.news1.kr/articles/5347971
"삼성SDI, 최윤호 대표 연봉 9억원 수직 상승…왜?",뉴시스,20240313,http://www.newsis.com/view/?id=NISX20240313_0002658887&cID=13001&pID=13000
[K배터리 점검] 삼성SDI가 가장 잘한다는 이것은?,블로터,20240314,https://www.bloter.net/news/articleView.html?idxno=613466
[K배터리 점검] 최윤호 삼성SDI 사장이 '수조원' 실탄을 마련하는 방법,블로터,20240315,https://www.bloter.net/news/articleView.html?idxno=613534
"""삼성·포스코·네이버까지""…대기업 신입 채용 뜨겁다",뉴시스,20240316,http://www.newsis.com/view/?id=NISX20240315_0002662367&cID=13001&pID=13000
[기업경영 기상도 ㉗삼성SDI] 업계 2위 삼성SDI 업황부진에도 일어설까,스카이데일리,20240317,https://www.skyedaily.com/news/news_view.html?ID=224776
"삼성SDI, GM과 '46파이' 배터리 만든다",전자신문,20240318,https://www.etnews.com/20240318000283
지난해 배터리3사 ESG경영 관심도…삼성SDI 1위,데일리안,20240319,https://www.dailian.co.kr/news/view/1340592/?sc=Naver
“삼성SDI 주가 왜 이래”…주주 질문에 최윤호 대표 대답은,이데일리,20240320,http://www.edaily.co.kr/news/newspath.asp?newsid=02355046638825288
[단독] 삼성디스플레이 첫 배당…삼성전자에 5.6조 지원,한국경제,20240321,https://www.hankyung.com/article/202403216970r
"[단독] 린 칼더 이네오스 오토모티브 CEO 방한, 삼성SDI 만났다",조선비즈,20240322,https://biz.chosun.com/industry/car/2024/03/22/WYLAUCCGWZHRNK2PCULTWZJXEY/?utm_source=naver&utm_medium=original&utm_campaign=biz
[여의도 승부사] '인트론바이오 vs 삼성SDI' 여의도를 달굴 종목은?,머니투데이방송,20240323,https://news.mtn.co.kr/news-detail/2024032310403669082
"""삼성SDI 주가가 왜 이래"" …저평가 국면 해소중",머니투데이방송,20240324,https://news.mtn.co.kr/news-detail/2024032414283144570
"“美에 배터리 단독 공장 건설” 삼성SDI의 ‘파격 선택’, 왜?",조선일보,20240325,https://www.chosun.com/economy/industry-company/2024/03/25/MDLWEY4GANCPBIP6SEPIMX24J4/?utm_source=naver&utm_medium=referral&utm_campaign=naver-news
"""삼성SDI, 양산 계획 공개하며 저평가 벗어나고 있어""-교보",한국경제,20240326,https://www.hankyung.com/article/2024032658496
공격적 투자에 남들보다 앞선 기술력 '삼성SDI'[이주의 관.종],아시아경제,20240327,https://view.asiae.co.kr/article/2024032516185792613
30대 대기업 작년 이자비용 60% 급증…SK하이닉스 3배 삼성전자 2배,연합뉴스,20240328,https://www.yna.co.kr/view/AKR20240327136800008?input=1195m
"삼성전자, '8만 전자' 넘어 32개월 만에 최고치…함께 웃은 ETF는?",더팩트,20240329,http://news.tf.co.kr/read/economy/2086938.htm
[삼성그룹] 시가총액 7조5230억원 증가...삼성전자 강세,핀포인트뉴스,20240330,https://www.pinpointnews.co.kr/news/articleView.html?idxno=255568
반도체株 실적 눈높이 '수직상승'…배터리는 추락,한국경제,20240331,https://www.hankyung.com/article/2024033193381
배터리 ‘게임 체인저’ 꿈꾸는 금양… 삼성SDI 출신 대거 영입,조선비즈,20240401,https://biz.chosun.com/industry/company/2024/04/01/2V3R7QJ7VZEW3PC4NA43CYRZHU/?utm_source=naver&utm_medium=original&utm_campaign=biz
"삼성SDI, '코리아 스마트그리드 엑스포' 첫 참가",뉴시스,20240402,https://www.newsis.com/view/?id=NISX20240402_0002683965&cID=13001&pID=13000
코리아스마트그리드엑스포 참여한 삼성SDI,뉴시스,20240403,https://www.newsis.com/view/?id=NISI20240403_0020290834
"'53조원' 시장 잡자… LG엔솔·삼성SDI, ESS 기술 '각축'",머니S,20240404,https://www.moneys.co.kr/article/2024040314454133646
"LG엔솔 vs 삼성SDI, 전기차 부진 ‘ESS’로 뚫는다…비슷했지만 달랐다",신아일보,20240405,http://www.shinailbo.co.kr/news/articleView.html?idxno=1854526
"""호실적 받았는데""···금리우려에 묶인 삼성전자 주식",머니투데이,20240406,http://news.mt.co.kr/mtview.php?no=2024040517500489788
[삼성 퀀텀점프] 배터리 힘주는 이재용…삼성SDI '공격적 투자' 1위 정조...,글로벌이코노믹,20240407,http://www.g-enews.com/ko-kr/news/article/news_all/2024040515031136577bdb7041ec_1/article.html
"삼성SDI, 1~2월 글로벌 전기차 배터리 시장서 점유율 확대…“K-배터리 ...",헤럴드경제,20240408,http://news.heraldcorp.com/view.php?ud=20240408050246
"삼성SDI, LG엔솔보다 PER 낮지만 밸류 재평가 필요…업종 톱 픽 -다올",이데일리,20240409,http://www.edaily.co.kr/news/newspath.asp?newsid=01423526638854480
"1위 삼성SDI 주가, 4월 2주차 랭키파이 테마별 주식 2차전지(전고체) 부...",에너지경제,20240410,https://www.ekn.kr/web/view.php?key=20240409022362194
"천안시, 12~14일 ‘삼성SDI~번영로고가교 앞’복구 포장 공사",대한경제,20240411,https://www.dnews.co.kr/uhtml/view.jsp?idxno=202404111003324690755
"""배터리 2.8만개 탑재""…삼성SDI, 볼보 전기트럭 시승 교류회",연합뉴스,20240412,https://www.yna.co.kr/view/AKR20240412087500003?input=1195m
배터리 업계 불황에 더 돋보이는 삼성SDI의 깜짝 성장세,한국일보,20240413,https://www.hankookilbo.com/News/Read/A2024041210300005212?did=NA
"CU, 말레이시아 삼성SDI 공장에 개점",뉴스1,20240414,https://www.news1.kr/articles/5383755
"CU, 말레이시아 삼성SDI 공장에 개점…해외 진출 가속",뉴시스,20240415,https://www.newsis.com/view/?id=NISX20240415_0002699034&cID=13001&pID=13000
"삼성SDI, 올해 임금 인상률 평균 5.1%…""조합과 교섭 예정""",지디넷코리아,20240416,https://zdnet.co.kr/view/?no=20240416160059
"""위기다""…삼성 전 계열사 임원들 주6일 근무 확산",뉴스1,20240417,https://www.news1.kr/articles/5388165
산단 계획 승인 3년→9개월…삼성SDI 이차전지 개발 기반 조성,연합뉴스,20240418,https://www.yna.co.kr/view/AKR20240417163100057?input=1195m
"""50층 재돌파 머지 않았다""…호재 넘치는 삼성SDI, LG화학도 제쳤다",한국경제,20240419,https://www.hankyung.com/article/2024041916856
“‘선두주자’ 삼성SDI에 도전장”…한·중·일 ‘전고체 양산 전쟁’...,헤럴드경제,20240420,http://news.heraldcorp.com/view.php?ud=20240419050693
"삼성SDI, 유럽 ESS 컨퍼런스 글로벌 스폰서 나서",더구루,20240421,https://www.theguru.co.kr/news/article.html?no=69789
"[박한나의 배터리ON] `울산시의 기적`…삼성SDI, 9개월 만에 공장 인허가...",디지털타임스,20240422,https://www.dt.co.kr/contents.html?article_no=2024042202109932049007&ref=naver
"삼성SDI, 세계 전기차 석학들에 ‘전고체 배터리’ 선보인다",조선비즈,20240423,https://biz.chosun.com/industry/company/2024/04/23/PS55K5UIFVANHMFSTGU6EQ4HC4/?utm_source=naver&utm_medium=original&utm_campaign=biz
EV37 삼성SDI 부스 둘러보는 참관객들,연합뉴스,20240424,https://www.yna.co.kr/view/PYH20240424083900013?input=1196m
"삼성 SDI, 오는 2027년 데뷔 앞둔 ‘무음극 전고체 배터리’ 기술 전시",서울경제,20240425,https://www.sedaily.com/NewsView/2D81TKZIUW
"[현장] LG엔솔·삼성SDI, '9분 충전' 등 초격차 기술 선보여",데일리한국,20240426,https://daily.hankooki.com/news/articleView.html?idxno=1078509
[삼성그룹] 시가총액 3조9460억원 증가...삼성에스디에스 5.59% 상승 '눈길...,핀포인트뉴스,20240427,https://www.pinpointnews.co.kr/news/articleView.html?idxno=262036
"삼성SDI-스텔란티스, 美 배터리 합작공장 11월 가동 추진",전자신문,20240428,https://www.etnews.com/20240426000224
"“밑에선 삼성SDI가…” LG엔솔 김동명號, 앞길 암초 산적",신동아,20240429,https://shindonga.donga.com/3/all/13/4895800/1
"삼성SDI, 1Q 영업익 2674억…프리미엄 배터리로 '승부'",뉴시스,20240430,https://www.newsis.com/view/?id=NISX20240430_0002718292&cID=13001&pID=13000
전기차 둔화 속 나홀로 ‘선방’…삼성SDI 호실적 비결은,이데일리,20240501,http://www.edaily.co.kr/news/newspath.asp?newsid=02089366638884656
"포스코·삼성SDI 등, 협력사 근로자에 교육·훈련프로그램 개방",연합뉴스,20240502,https://www.yna.co.kr/view/AKR20240502029000530?input=1195m
"천안 서북구보건소, 삼성SDI 금연거리 홍보 합동 캠페인",중부매일,20240503,http://www.jbnews.com/news/articleView.html?idxno=1435139
[박대리보고서] LG엔솔·SK온 울고 삼성SDI 웃었다…성장통 겪는 배터리...,디지털데일리,20240504,https://www.ddaily.co.kr/page/view/2024050317312688741
"어닝시즌 이후 염려돼..금주 코스피 전망과 추천주..삼성전자,비트코인...",매일안전신문,20240505,https://idsn.co.kr/news/view/1065588050359497
"삼성SDI, '차이나 사이클 쇼 2024' 참가…원통형 배터리 선봬",아시아경제,20240506,https://view.asiae.co.kr/article/2024050609412144166
"삼성SDI, “캐즘 넘어서자”...틈새시장 공략",미디어펜,20240507,https://www.mediapen.com/news/view/917741
"LG엔솔·삼성SDI, 1분기 글로벌 성장… SK온 '뒷걸음질' 이유는",머니S,20240508,https://www.moneys.co.kr/article/2024050714391544778
K배터리 3사 비중국 시장 점유율 45.9%…전년비 3.1%↓,뉴시스,20240509,https://www.newsis.com/view/?id=NISX20240509_0002728464&cID=13001&pID=13000
"동국대 WISE캠퍼스 이준희 교수 연구팀, 삼성SDI 연구 과제 수주",프라임경제,20240510,http://www.newsprime.co.kr/news/article.html?no=639111
[배터리완전정복](36)2035년 95조원까지 시장 커진다…배터리장비 어떤...,아시아경제,20240511,https://view.asiae.co.kr/article/2024050914290717851
"중국 배터리, ESG 리스크 대응도 척척…삼성SDI, SK온 '뒷걸음'",아주경제,20240512,https://www.ajunews.com/view/20240512141206681
"[단독] 아이씨에이치, 삼성SDI에 전고체 배터리 소재 납품 추진",매일경제,20240513,https://www.mk.co.kr/article/11014626
"""삼성전자 이제 못 믿겠다""…돌아선 개미들 '줍줍한 종목'",한국경제,20240514,https://www.hankyung.com/article/202405148779i
1위 삼성SDI·2위 LG에너지솔루션·3위 SK이노베이션...5월 2주차 랭키파...,딜라이트닷넷,20240515,https://www.delighti.co.kr/news/articleView.html?idxno=80491
삼성SDI 비밀병기 'V프로젝트'…배터리 장비 경쟁력 강화,디일렉,20240516,http://www.thelec.kr/news/articleView.html?idxno=27907
"1위 삼성SDI·2위 LG에너지솔루션·3위 SK이노베이션...5월 2주차, 주식 ...",SR타임스,20240517,http://www.srtimes.kr/news/articleView.html?idxno=156322
"[배터리완전정복](37)전기차, 이젠 충전 속도전…그런데 C-레이트는 뭐지...",아시아경제,20240518,https://view.asiae.co.kr/article/2024051616202626715
"전고체 배터리 양산 '경쟁'…삼성SDI, 日도요타 앞설까",뉴스웍스,20240519,https://www.newsworks.co.kr/news/articleView.html?idxno=753191
中 배터리 밀어내도...삼성SDI만 웃는다,한국경제TV,20240520,https://www.wowtv.co.kr/NewsCenter/News/Read?articleId=A202405200108&t=NNv
"위기극복 나선 삼성전자, 반도체 수장 경계현→전영현 전격교체(종합2보...",연합뉴스,20240521,https://www.yna.co.kr/view/AKR20240521035653003?input=1195m
"삼성SDI, 'IP 페어' 개최…우수 특허 시상",뉴시스,20240522,https://www.newsis.com/view/?id=NISX20240522_0002743474&cID=13001&pID=13000
"배터리 '특허 전쟁' 본격화… LG엔솔·삼성SDI, 대응 속도전",머니S,20240523,https://www.moneys.co.kr/article/2024052216312713137
"""이재용은 바지회장""... 삼성전자 사옥앞 마스크 벗고 외친 젊은 직원들",오마이뉴스,20240524,https://www.ohmynews.com/NWS_Web/View/at_pg.aspx?CNTN_CD=A0003032951&CMPT_CD=P0010&utm_source=naver&utm_medium=newsearch&utm_campaign=naver_news
"이재용의 삼성, HBM으로 추락-도약 '중대기로'",노컷뉴스,20240525,https://www.nocutnews.co.kr/news/6150163?utm_source=naver&utm_medium=article&utm_campaign=20240525104054
"이재용 삼성 회장, 방한 리창 中총리와 유일 면담",뉴시스,20240526,https://www.newsis.com/view/?id=NISX20240526_0002748676&cID=13001&pID=13000
이재용 만난 리창 “삼성과의 협력은 한중 발전 축소판”,서울신문,20240527,https://www.seoul.co.kr/news/economy/industry/2024/05/27/20240527019005?wlog_tag3=naver
삼성SDI 전고체 2차전지 적층 기술 특허 공개...'꿈의 전고체 배터리' 어...,녹색경제신문,20240528,https://www.greened.kr/news/articleView.html?idxno=314718
"[한경유레카 특징주] 삼성SDI, 외국인 투자자 연속 매도 이어져",한국경제,20240529,https://www.hankyung.com/article/202405291076O
"교보증권, 삼성SDI 기초자산 월지급식 ELB 공모",뉴시스,20240530,https://www.newsis.com/view/?id=NISX20240530_0002754489&cID=10403&pID=15000
"최윤호 삼성SDI 사장 ""전고체 셀 크기 올려가며 준비…우리가 가장 앞서...",뉴스1,20240531,https://www.news1.kr/articles/5434228
최윤호號 삼성SDI 후반전 동력은 'ESS',CWN,20240601,https://cwn.kr/article/1065602543640546
"개미, 엿새간 코스피서 3.6조 순매수…성적표는",뉴시스,20240602,https://www.newsis.com/view/?id=NISX20240531_0002756884&cID=10403&pID=15000
"솔브레인, 美 인디애나 전해액 공장 완공…하반기 삼성SDI 공급 전망",전자신문,20240603,https://www.etnews.com/20240603000323
"[단독]‘불황 위기가 기회’…삼성SDI, JY가 찍은 말레이 투자 속도",이데일리,20240604,http://www.edaily.co.kr/news/newspath.asp?newsid=03188166638918440
"K배터리 3사, 1~4월 점유율 22.9%…삼성SDI 홀로 'UP'",머니투데이,20240605,http://news.mt.co.kr/mtview.php?no=2024060509391460106
IT직무 재직자가 선택한 AI 선도기업은 '삼성전자·SK텔레콤',전자신문,20240606,https://www.etnews.com/20240606000089
"삼성SDI, 美 배터리 화재 소송 승소",KPI뉴스,20240607,https://www.kpinews.kr/newsView/1065565779375114
"[속보] 연준 FOMC 금리인하 ""전면 후퇴"" 뉴욕증시 비트코인 "" 신규 고용...",글로벌이코노믹,20240608,http://www.g-enews.com/ko-kr/news/article/news_all/2024060710593048624a01bf698f_1/article.html
[S리포트]뚝심으로 일궜다… 성장 동력 된 삼성SDI·SK하이닉스,머니S,20240609,https://www.moneys.co.kr/article/2024060709121974101
"배터리, 삼성SDI 약진 속 LG엔솔 2위",디지털타임스,20240610,https://www.dt.co.kr/contents.html?article_no=2024061002109932049001&ref=naver
"에코프로이노베이션, 삼성SDI에 2033년까지 수산화리튬 공급",지디넷코리아,20240611,https://zdnet.co.kr/view/?no=20240611083813
"""에코프로이노베이션, 삼성SDI에 15만4000톤 수산화리튬 공급한다""",에너지데일리,20240612,http://www.energydaily.co.kr/news/articleView.html?idxno=147194
"장혁 삼성SDI 부사장 “배터리 高성장, 선제적 R&D 덕분”",조선비즈,20240613,https://biz.chosun.com/industry/company/2024/06/13/WKZ3YGBWIJDHPMLYU5X7ZTRDFM/?utm_source=naver&utm_medium=original&utm_campaign=biz
"외국인, 삼성전자 1조 넘게 사들여",주간동아,20240614,https://weekly.donga.com/3/all/11/5003572/1
"트럼프 뜨자 불안해진 K배터리, 대응책은?",시사저널,20240615,http://www.sisajournal.com/news/articleView.html?idxno=293451
'인터배터리 유럽 2024' 독일서 개최…LG엔솔·삼성SDI 등 참가,연합뉴스,20240616,https://www.yna.co.kr/view/AKR20240616010800003?input=1195m
"삼성SDI LG화학 외국인 떠난 자리 채우는 개미, '유럽발 악재' 인고의 시...",비즈니스포스트,20240617,https://www.businesspost.co.kr/BP?command=article_view&num=355755
"현대차 뛰고 SK 나는데…""삼성만 왜 이러나"" 울상",한국경제,20240618,https://www.hankyung.com/article/202406184528i
"ESS 키우는 삼성SDI, 'NCA·LFP' 투 트랙 공략",지디넷코리아,20240619,https://zdnet.co.kr/view/?no=20240619011204
"삼성SDI, 전략회의도 제쳐두고 ESS 올인…""유럽 고객 만나야죠""",지디넷코리아,20240620,https://zdnet.co.kr/view/?no=20240620051309
"'캐즘 불황' ESS로 뚫는다…LG엔솔·삼성SDI, 라인업 확대 '잰걸음'",뉴스1,20240621,https://www.news1.kr/articles/5454201
[유안타證 주간추천주]삼성SDI·더블유게임즈·유한양행,이데일리,20240622,http://www.edaily.co.kr/news/newspath.asp?newsid=01197206638924344
"전기차 캐즘·광물가격 하락···배터리 업계 ""하반기 실적개선 가능""",시사저널이코노미,20240623,https://www.sisajournal-e.com/news/articleView.html?idxno=403758
"삼성SDI, 올해 실적 부진 불가피…중장기 개선 기대-하이",이데일리,20240624,http://www.edaily.co.kr/news/newspath.asp?newsid=01312006638925000
"""얼어붙은 2차전지株…3분기엔 달린다""",한국경제,20240625,https://www.hankyung.com/article/2024062509291
"베트남 총리 맞는 삼성, 추가 투자 나설까",데일리안,20240626,https://www.dailian.co.kr/news/view/1376284/?sc=Naver
[증시 종합] 포스코홀딩스·삼성SDI·LG화학·카카오·한미반도체·데브...,에너지경제,20240627,https://www.ekn.kr/web/view.php?key=20240627024185507
"외국인, 삼성전자 또 담았다",주간동아,20240628,https://weekly.donga.com/3/all/11/5029930/1
개미 상반기 톱10 투자 성적 보니…마이너스 8.9%,뉴시스,20240629,https://www.newsis.com/view/NISX20240628_0002791537
"삼성디스플레이, 신형 M14 OLED 구글 픽셀·애플 아이폰 공급",전자신문,20240630,https://www.etnews.com/20240628000294
"최윤호 삼성SDI 사장 ""위기, 도약의 기회로…2030년 초격차 기술력""",뉴시스,20240701,https://www.newsis.com/view/NISX20240701_0002793057
최윤호 삼성SDI 사장이 '초격차 기술' 이상으로 강조한 것은?,블로터,20240702,https://www.bloter.net/news/articleView.html?idxno=618638
"유럽 최대 배터리업체 노스볼트, 삼성SDI에 계약 뺏기고 휘청",연합뉴스,20240703,https://www.yna.co.kr/view/AKR20240703116400009?input=1195m
"[단독] 삼성SDI, 북미서 '1조 잭팟'…역대 최대 ESS 배터리 공급",한국경제,20240704,https://www.hankyung.com/article/2024070430271
"삼성SDI, 1조원대 ESS용 배터리 美 공급 추진에 주가 강세(종합)",연합뉴스,20240705,https://www.yna.co.kr/view/AKR20240705036751008?input=1195m
"""반도체 슈퍼사이클""…삼성, 2분기 영업익 10조 돌파 外[금주의 산업계...",뉴시스,20240706,https://www.newsis.com/view/NISX20240705_0002800526
"삼성SDI 배터리 부진 ESS로 돌파, 최윤호 공급처 다변화 강행군",비즈니스포스트,20240707,https://www.businesspost.co.kr/BP?command=article_view&num=358065
“삼성SDI 알고도 전세 계약” 국세청장 후보자 답변,시사IN,20240708,https://www.sisain.co.kr/news/articleView.html?idxno=53486
'LG엔솔 이어 삼성SDI도'…캐즘 탈출구 찾는 K-배터리,브릿지경제,20240709,https://www.viva100.com/main/view.php?key=20240708010002318
"서울주소방, 삼성SDI 합동 화재안전조사",KBS,20240710,https://news.kbs.co.kr/news/pc/view/view.do?ncd=8008973&ref=A
"삼성SDI·LG엔솔·SK온, 배터리 간담회 참석",아시아투데이,20240711,https://www.asiatoday.co.kr/view.php?key=20240711010007011
"삼성SDI, 성균관대와 배터리공학과 신설…26년부터 신입생 선발",뉴시스,20240712,https://www.newsis.com/view/NISX20240712_0002808475
"삼성SDI-성균관대, 배터리학과 첫 설립",동아일보,20240713,https://www.donga.com/news/Economy/article/all/20240712/125910967/2
"""졸업하면 삼성 입사""… 삼성SDI, 성균관대 `배터리공학과` 신설",디지털타임스,20240714,https://www.dt.co.kr/contents.html?article_no=2024071402109932049005&ref=naver
"삼성SDI, 30일 기업설명회 개최",뉴시스,20240715,https://www.newsis.com/view/NISX20240715_0002811630
"삼성SDI, 미국에서 ESS 시장 뚫어 1조 ‘잭팟’",주간동아,20240716,https://weekly.donga.com/3/all/11/5057344/1
"에이에프더블류, 주가 급등…삼성SDI 성장에 '음극마찰용접단자' 독점 ...",빅데이터뉴스,20240717,http://www.thebigdata.co.kr/view.php?ud=202407170443557056cd1e7f0bdf_23
"'삼성전자' 팔고 갈아탔더니…""우리 딸 계좌 대박이네""",한국경제,20240718,https://www.hankyung.com/article/202407183280i
"[단독]삼성 3기 준감위, 한종희 부회장 등 7개사 CEO만난다",머니투데이,20240719,http://news.mt.co.kr/mtview.php?no=2024071911091033422
하나의 회사를 살리려 5개의 회사를 합쳤다…SK가 던진 승부수 [헤비톡...,서울경제,20240720,https://www.sedaily.com/NewsView/2DBTA636LC
"삼성준감위, 내일 삼성 7개사 대표 회동…준법경영 의견 교환",노컷뉴스,20240721,https://www.nocutnews.co.kr/news/6181486?utm_source=naver&utm_medium=article&utm_campaign=20240721011502
"삼성 준감위, 한경협 회비 본격 논의…""노사 문제도 검토""",뉴시스,20240722,https://www.newsis.com/view/NISX20240722_0002819611
"LG엔솔·삼성SDI, '꿈의 배터리' 개발 박차…'캐즘' 극복 묘수",연합뉴스,20240723,https://www.yna.co.kr/view/AKR20240723107500003?input=1195m
"전고체 배터리 전쟁…파우치형 LG엔솔·SK온, 각형 삼성SDI",한국경제,20240724,https://www.hankyung.com/article/202407246105i
"[2분기실적 업&다운]②LG엔솔·삼성SDI 실적 '뚝'…연이은 적자 SK온, 해...",NSP통신,20240725,https://www.nspna.com/news/?mode=view&newsid=710030
"외국인투자자 삼성중공업, 개인은 SK하이닉스 사들여",주간동아,20240726,https://weekly.donga.com/3/all/11/5084869/1
"“테슬라가 주목한다” 46㎜ 원통형 배터리, 한국서 양산 속도전…LG엔...",헤럴드경제,20240727,https://news.heraldcorp.com/view.php?ud=20240726050694
"조선대 박사과정생 2명, 삼성SDI 동시 조기 취업 쾌거",데일리한국,20240728,https://daily.hankooki.com/news/articleView.html?idxno=1110956
"너도나도 '속도조절' 하는데…삼성 SDI 최윤호, 공격 투자 '고? 스톱?'",데일리안,20240729,https://www.dailian.co.kr/news/view/1389416/?sc=Naver
"삼성SDI, 2분기 영업익 38%↓…캐즘에 배터리 실적 '부진'",뉴시스,20240730,https://www.newsis.com/view/NISX20240730_0002830812
"하이투자증권 ""전기차 수요 둔화세 뚜렷…삼성SDI 목표가↓""",연합뉴스,20240731,https://www.yna.co.kr/view/AKR20240731028400008?input=1195m
"실적 한파에 K-배터리 허리띠 졸라매는데…""삼성SDI는 달랐다""",이코노믹리뷰,20240801,https://www.econovill.com/news/articleView.html?idxno=662472
"8월 스마트폰 상장기업 브랜드, '삼성전자' 1위…'삼성SDI·LG디스플레이...",테크월드,20240802,https://www.epnc.co.kr/news/articleView.html?idxno=304827
"K-배터리 3사 ""미래 먹거리 통해 하반기 반등 기대""",스마트에프엔,20240803,https://www.smartfn.co.kr/article/view/sfn202408020040
"삼성SDI, 美 보스턴 찾아가 우수 인재 만났다",지디넷코리아,20240804,https://zdnet.co.kr/view/?no=20240804103727
"삼성SDI, 미국 보스턴서 석·박사급 인재 유치",헤럴드경제,20240805,https://news.heraldcorp.com/view.php?ud=20240805050289
"""캐즘이 뭐 어때서요""…삼성SDI, 유럽 추가 공장 검토",뉴스1,20240806,https://www.news1.kr/industry/general-industry/5503363
배터리3사 상반기 점유율 3.0%p↓…삼성SDI만 두자릿수 성장,이데일리,20240807,http://www.edaily.co.kr/news/newspath.asp?newsid=01823686638985024
"""우린 생각이 좀 달라""…아껴둔 체력 '캐즘'에 꺼낸 삼성SDI '역발상 투자...",뉴스1,20240808,https://www.news1.kr/industry/general-industry/5504578
"[초점] 위기의 LG엔솔, '非중국' 세계 시장서도 中CATL에 1위 내줘…삼성...",파이낸셜포스트,20240809,https://www.financialpost.co.kr/news/articleView.html?idxno=210859
"[금주 산업계 주요기사] 최태원 회장 ""내년 6세대 HBM 조기 상용화""…30...",청년일보,20240810,http://www.youthdaily.co.kr/news/article.html?no=161972
“연내 양산을 향해” 삼성SDI-스텔란티스 美 배터리 공장 시운전 돌입,전자신문,20240811,https://www.etnews.com/20240802000036
BMW 배터리 제조사 공개… iX1·iX3 빼고 모두 삼성SDI,조선비즈,20240812,https://biz.chosun.com/industry/car/2024/08/12/7VZQELTDCNDS5ND2KCJA6QVACM/?utm_source=naver&utm_medium=original&utm_campaign=biz
완성차 9곳 중 6곳이 LG엔솔 고객…삼성SDI는 BMW 위주로 공략,서울경제,20240813,https://www.sedaily.com/NewsView/2DD01YCKKL
"줄잇는 수입 전기차 배터리 공개…스텔란티스, 中 CATL·삼성 SDI 탑재",뉴스1,20240814,https://www.news1.kr/industry/auto-industry/5510541
대기업 2분기 영업익 2배로 늘었다…AI 열풍에 삼성·SK 18조 ↑,연합뉴스,20240815,https://www.yna.co.kr/view/AKR20240814172000003?input=1195m
"돌아온 외국인… 삼성전자, SK하이닉스, 현대차 샀다",주간동아,20240816,https://weekly.donga.com/3/all/11/5117269/1
"전기차 화재, 논란 재점화... 삼성·SK·LG 배터리 안전한가요?",더페어,20240817,https://www.thefairnews.co.kr/news/articleView.html?idxno=31720
"`지금이 기회다?`…LG엔솔·삼성SDI, 개미투자자 1년새 10만명↑",디지털타임스,20240818,https://www.dt.co.kr/contents.html?article_no=2024081802109932049002&ref=naver
위기일수록 공격 모드로 승부수…삼성SDI ‘역발상’,한경비즈니스,20240819,https://magazine.hankyung.com/business/article/202408154853b
"""실적이 연봉도 갈랐다""…삼성SDI 최윤호 대표 '연봉킹'",뉴시스,20240820,https://www.newsis.com/view/NISX20240820_0002855918
"삼성, R&D분야 외국인 경력직 채용 시작…반도체 인재도 모집",연합뉴스,20240821,https://www.yna.co.kr/view/AKR20240821123700003?input=1195m
"북미 힘주는 삼성SDI, 관건은 '합작공장 수율'",딜사이트,20240822,https://dealsite.co.kr/articles/127184
"삼성SDI, 美 첫 진출 파트너로 롯데에너지머티 낙점…전기차용 동박 공...",한국경제,20240823,https://www.hankyung.com/article/202408231431i
"공익변호사 정신영 ""삼성전자 사회적 책임은 광고 아닌 참사 대응 증명...",로리더,20240824,http://www.lawleader.co.kr/news/articleView.html?idxno=13891
"권영국 변호사 ""삼성전자ㆍ삼성SDI, 중대재해 에스코넥 거래 중단""",로리더,20240825,http://www.lawleader.co.kr/news/articleView.html?idxno=13893
삼성 준감위 '한경협 회비 납부' 사실상 승인... 4대 그룹 활동 본격화,파이낸셜뉴스,20240826,http://www.fnnews.com/news/202408261945419034
"""자율 판단"" 한경협 회비…삼성전자 이사회 후 계열사들 동참 전망",뉴스1,20240827,https://www.news1.kr/industry/company/5522602
"삼성SDI-GM, 미국 배터리 합작법인 설립 본계약 체결",뉴시스,20240828,https://www.newsis.com/view/NISX20240828_0002865217
"삼성SDI·GM, 배터리 합작법인 설립… ‘전기차 캐즘’ 넘는다",세계일보,20240829,http://www.segye.com/newsView/20240828516153?OutUrl=naver
LG엔솔 끌고 삼성SDI 밀고…2차전지 암흑기 지났나,뉴데일리,20240830,https://biz.newdaily.co.kr/site/data/html/2024/08/30/2024083000062.html
"삼성SDI-GM, 미국 전기차 배터리 생산 합작법인 설립 본계약 체결",이코노뉴스,20240831,http://www.econonews.co.kr/news/articleView.html?idxno=352648
"삼성, 추석 맞아 협력사 물품대금 8700억 조기 지급",뉴시스,20240901,https://www.newsis.com/view/NISX20240901_0002870662
"상아프론테크, 삼성SDI에 각형 배터리 부품 공급…캡 어셈블리 경쟁 체...",전자신문,20240902,https://www.etnews.com/20240902000311
"삼성, 하반기 신입사원 공채 실시… 삼성전자·삼성SDI·삼성물산 등 19...",조선비즈,20240903,https://biz.chosun.com/it-science/ict/2024/09/03/PNY7WBIOXVHABFSFCFOGTLLY4I/?utm_source=naver&utm_medium=original&utm_campaign=biz
"스웨덴 대사도 탄 '볼보트럭 FH 에어로'…""전기모델, 삼성SDI 배터리 100...",뷰어스,20240904,http://theviewers.co.kr/View.aspx?No=3356896
현대차·삼성SDI·넥센타이어는 상승세..LG에너지솔루션·에코프로비엠...,데일리카,20240905,https://www.dailycar.co.kr/content/news.html?type=view&autoId=54132
"외국인, 삼성전자·SK하이닉스 2조 원 처분… LG엔솔·LG전자 담아",주간동아,20240906,https://weekly.donga.com/3/all/11/5156170/1
이재용 회장이 귀빈 모신 삼성 영빈관…'승지원' 어떤 곳?,블로터,20240907,https://www.bloter.net/news/articleView.html?idxno=622786
"삼성SDI, 차세대 ESS용 배터리 솔루션으로 북미 시장 공략",아시아경제,20240908,https://view.asiae.co.kr/article/2024090809310949453
"삼성SDI ""건식공정 파일럿 라인 가동 시작""",한국경제,20240909,https://www.hankyung.com/article/2024090976841
"[단독] 삼성SDI, 편광필름 사업 中우시헝신에 매각 [투자360]",헤럴드경제,20240910,https://news.heraldcorp.com/view.php?ud=20240910050015
"삼성SDI, 편광필름 사업 中업체에 매각",세계일보,20240911,http://www.segye.com/newsView/20240910516519?OutUrl=naver
"[K-배터리 안전] ②삼성SDI, '전고체 배터리' 정조준…상용화 '관건'",딜사이트경제TV,20240912,https://news.dealsitetv.com/news/articleView.html?idxno=122971
"개미들, 외국인·기관이 던진 삼성전자 2주 연속 받아",주간동아,20240913,https://weekly.donga.com/3/all/11/5169451/1
"삼성·SK 사업 구조조정 속도, 숨고르는 SI 탐색모드 PEF [주간 '딜'리버...",헤럴드경제,20240914,https://news.heraldcorp.com/view.php?ud=20240913050607
LG엔솔·삼성SDI '전기 자전거 배터리' 시장에서도 두각,더구루,20240915,http://www.theguru.co.kr/news/article.html?no=77378
"""캐즘 돌파하려면 인재""…삼성SDI, 고급인력에 '총력전'",뉴시스,20240916,https://www.newsis.com/view/NISX20240910_0002882708
"4대 그룹 삼성·SK·현대차·LG 회장, 추석에 뭐할까",블로터,20240917,https://www.bloter.net/news/articleView.html?idxno=623271
"삼성SDI, 독일서 전기 상용차에 최적화된 LFP+ 배터리 선보여",연합뉴스,20240918,https://www.yna.co.kr/view/AKR20240918019200003?input=1195m
"LG엔솔·삼성SDI, 차세대 배터리로 전기상용차 시장 겨냥",뉴시스,20240919,https://www.newsis.com/view/NISX20240919_0002891341
"[JV 재구성] '이차전지 투자' 삼성SDI, 협력 안전장치 '옵션 권리' 마련",블로터,20240920,https://www.bloter.net/news/articleView.html?idxno=623446
"[IPO스타워즈] '삼성SDI 파트너' 엠오티, '이차전지 조립 설비' 기술로 ...",머니S,20240921,https://www.moneys.co.kr/article/2024092015431112699
위기 속 진가 발휘하는 삼성SDI 경쟁력,신동아,20240922,https://shindonga.donga.com/3/all/13/5177689/1
"[단독] 삼성SDI, 동탄역 시대 연다",디지털타임스,20240923,https://www.dt.co.kr/contents.html?article_no=2024092302109963066005&ref=naver
2차전지 투심 이끈 '꿈의 배터리'…전고체 관련주는?,뉴시스,20240924,https://www.newsis.com/view/NISX20240923_0002896005
초소형 전고체 만든 삼성전기·투자 늘린 삼성SDI…배터리 원투펀치 자...,더팩트,20240925,http://news.tf.co.kr/read/economy/2136224.htm
[김경준 종목의 발견자들] 삼성SDI-GM 합작 1조 설비 발주 최대 수혜는?,머니투데이방송,20240926,https://news.mtn.co.kr/news-detail/2024092612463048574
"“삼성SDI, 유럽 판매 회복과 스텔란티스 북미 신공장 기대…목표가 23%...",이투데이,20240927,https://www.etoday.co.kr/news/view/2404569
배터리 업계 '건식 공정' 둘러싼 미묘한 신경전,지디넷코리아,20240928,https://zdnet.co.kr/view/?no=20240927161146
전기차 전환 속도 내는 GM…현대차·삼성SDI 등 외부 협력도 가속,경향신문,20240929,https://www.khan.co.kr/economy/industry-trade/article/202409291137001
"삼성SDI, 美 첫 배터리 공장 가동 코앞… AMPC 수혜 본격화",뉴시스,20240930,https://www.newsis.com/view/NISX20240930_0002904353
"금속노조 삼성SDI 청주지회 설립… ""일방적 회사 매각 반대""",중부매일,20241001,https://www.jbnews.com/news/articleView.html?idxno=1453839
"편광필름 매각에 뿔난 삼성SDI 직원들…""밀실매각 반대""",뉴시스,20241002,https://www.newsis.com/view/NISX20241002_0002906712
"삼성SDI 편광필름 사업 매각 제동… 노조, 고용 보장 요구",국민일보,20241003,https://www.kmib.co.kr/article/view.asp?arcid=1727856002&code=11151400&cp=nv
"삼성전자, ‘위기론’ 확산에 3거래일 연속 하락하며 52주 신저가 경신",주간동아,20241004,https://weekly.donga.com/3/all/11/5207359/1
"""삼성SDI 편광필름 밀실 매각에 분노한 노동자들 이게 상생인가""",로리더,20241005,http://www.lawleader.co.kr/news/articleView.html?idxno=14182
"삼성SDI 최윤호 ""전고체 배터리 2027년 양산 박차""",FETV,20241006,http://www.fetv.co.kr/news/article.html?no=176009
"삼성SDI, 3분기 실적 시장 컨센서스 밑돌 전망에 주가 약세",필드뉴스,20241007,http://www.fieldnews.kr/news/articleView.html?idxno=7878
3년연속 '동반성장'…삼성전자 등 '최우수 명예기업' 선정,뉴시스,20241008,https://www.newsis.com/view/NISX20241008_0002912525
"""9분 충전에 600㎞ 주행""…삼성SDI 배터리맨 10월 韓 엔지니어상",뉴시스,20241009,https://www.newsis.com/view/NISX20241008_0002913267
"KB증권 ""삼성SDI, 4분기부터 실적 반등…목표가↑""",연합뉴스,20241010,https://www.yna.co.kr/view/AKR20241010025200008?input=1195m
캐즘에 삼성SDI 3분기 실적 악화 우려...3분기 바닥 찍나,뉴스웨이,20241011,https://www.newsway.co.kr/news/view?ud=2024101113270416278
"귀국한 이재용 회장, 삼성전자 개혁 속도내나",뉴스핌,20241012,https://www.newspim.com/news/view/20241011001120
"삼성SDI, 배터리 고급인재 영입위해 경영진 총출동",지디넷코리아,20241013,https://zdnet.co.kr/view/?no=20241013093929
"삼성SDI·LG이노텍, 영국·미국서 인재확보 총력",헤럴드경제,20241014,https://news.heraldcorp.com/view.php?ud=20241014050432
"삼성SDI, 'GBW 2024'서 차세대 전기차·ESS용 배터리 선보인다",머니투데이,20241015,http://news.mt.co.kr/mtview.php?no=2024101414412377613
"""전고체 배터리, 언제 나오나요?""…'선두주자' 삼성 SDI에 쏟아진 관심",머니투데이,20241016,http://news.mt.co.kr/mtview.php?no=2024101615322341336
"유럽서 주춤하는 삼성SDI, 美 신차로 반전 노린다",조선비즈,20241017,https://biz.chosun.com/industry/company/2024/10/17/L42VD4OP6RGCXLCST4K76LD7RM/?utm_source=naver&utm_medium=original&utm_campaign=biz
"삼성SDI, ""오시기만 하면 된다"" 인재유치 노력 성과 기대",더팩트,20241018,http://news.tf.co.kr/read/economy/2142756.htm
"[인터뷰] 인디애나주 상무장관, “미국 대통령 누구건 삼성·SK엔 영향 ...",코리아중앙데일리,20241019,https://koreajoongangdaily.joins.com/news/2024-10-19/business/industry/인터뷰-인디애나주-상무장관-미국-대통령-누구건-삼성SK엔-영향-없을-것-/2158331
"中 잉허커지, 삼성SDI에 원통형 배터리 장비 공급",전자신문,20241020,https://www.etnews.com/20241020000005
"GV90 손 잡은 삼성SDI, 각형 배터리 글로벌 공급 확대 집중",더팩트,20241021,http://news.tf.co.kr/read/economy/2143336.htm
"오픈 전부터 `삼성SDI`, `메가박스` 줄줄이 입점 확정한 상업시설 어디...",디지털타임스,20241022,https://www.dt.co.kr/contents.html?article_no=2024102202109923783002&ref=naver
"삼성SDI, '미래모빌리티엑스포'서 모빌리티용 배터리 전시",뉴시스,20241023,https://www.newsis.com/view/NISX20241023_0002930686
"[오마이포토] ""삼성SDI서 부활한 무노조경영, 중단하라""",오마이뉴스,20241024,https://www.ohmynews.com/NWS_Web/View/at_pg.aspx?CNTN_CD=A0003073411&CMPT_CD=P0010&utm_source=naver&utm_medium=newsearch&utm_campaign=naver_news
"삼성SDI, FIX 2024서 모빌리티용 배터리 대거 선보여... ""미래 모빌리티...",에이빙뉴스,20241025,https://kr.aving.net/news/articleView.html?idxno=1794917
[조맹기의 언론 톺아보기] 정준영 판사에 묻는다 ‘삼성준법감시위원회...,스카이데일리,20241026,https://m.skyedaily.com/news_view.html?ID=250701
현대차·도요타에 삼성 가세…수소차·배터리 협력 '합종연횡',연합뉴스,20241027,https://www.yna.co.kr/view/AKR20241027038000003?input=1195m
"[오늘의 주목주] ‘테슬라 훈풍’ 삼성SDI 8%대, 에코프로비엠 9%대 상승",비즈니스포스트,20241028,https://www.businesspost.co.kr/BP?command=article_view&num=370557
"[코스피 마감]외국인 6거래일째 ‘팔자’…삼성전자, 2.58%↑",이데일리,20241029,http://www.edaily.co.kr/news/newspath.asp?newsid=03840886639057840
삼성SDI 3분기 영업익 72% 감소…전기차 캐즘 여파,TV조선,20241030,https://news.tvchosun.com/site/data/html_dir/2024/10/30/2024103090078.html
"하나증권 ""삼성SDI, 성장 정체 지속…목표가 27.7%↓""",뉴스1,20241031,https://www.news1.kr/finance/general-stock/5585217
"삼성SDI ""북미 ESS 배터리 공급 규모, 계약에 따라 결정""",블로터,20241101,https://www.bloter.net/news/articleView.html?idxno=625679
"삼성SDI, 3분기 실적 부진... 수요 회복 지연에 발목 잡혀",핀포인트뉴스,20241102,https://www.pinpointnews.co.kr/news/articleView.html?idxno=296904
"LG엔솔·삼성SDI, 배터리 화재안전 기술 주도...특허출원 세계 1·2위",쿠키뉴스,20241103,https://www.kukinews.com/article/view/kuk202411030040
"삼성SDI, 울산에 대용량 LFP배터리 생산 구축",KBS,20241104,https://news.kbs.co.kr/news/pc/view/view.do?ncd=8098195&ref=A
"삼성SDI, 울산에 대용량 LFP배터리 생산 구축",KBS,20241105,https://news.kbs.co.kr/news/pc/view/view.do?ncd=8098343&ref=A
"울산시, '기회발전특구' 지정... 삼성SDI, 에쓰오일, 고려아연 등 11개사...",오마이뉴스,20241106,https://www.ohmynews.com/NWS_Web/View/at_pg.aspx?CNTN_CD=A0003077609&CMPT_CD=P0010&utm_source=naver&utm_medium=newsearch&utm_campaign=naver_news
"삼성전기, 사이버폭력 예방 위한 푸른코끼리 포럼 개최",이데일리,20241107,http://www.edaily.co.kr/news/newspath.asp?newsid=02328806639083424
"LG엔솔·삼성SDI·CATL 세계 최대 컨소시엄, 지속 가능 배터리 가치 사슬...",더구루,20241108,https://www.theguru.co.kr/news/article.html?no=79517
"삼성전기, 사이버폭력 예방 대책 논의 위한 푸른코끼리 포럼 개최",이코노뉴스,20241109,http://www.econonews.co.kr/news/articleView.html?idxno=361287
"배터리 재활용 확대 노리는 삼성SDI…""기술 격차 확대""",뉴시스,20241110,https://www.newsis.com/view/NISX20241108_0002952296
삼성SDI 울산 LFP 라인 공급망 윤곽…원가경쟁력 확보 초점,전자신문,20241111,https://www.etnews.com/20241111000232
[단독] 삼성SDI·스텔란티스 美 합작공장서 유물이?,디지털타임스,20241112,https://www.dt.co.kr/contents.html?article_no=2024111202109932049002&ref=naver
배터리 업계 간담회 참석한 박진 삼성 SDI 부사장,뉴스1,20241113,https://www.news1.kr/photos/6982972
'삼성SDI 동반성장 DAY',연합뉴스,20241114,https://www.yna.co.kr/view/PYH20241114032600003?input=1196m
"삼성SDI, CES 2025 혁신상 4개 수상",이데일리,20241115,http://www.edaily.co.kr/news/newspath.asp?newsid=02528886639086048
'4만전자' 찍었던 삼성전자… 그룹주 ETF도 '털썩',머니S,20241116,https://www.moneys.co.kr/article/2024111516005757028
미워도 다시 한번… 그래도 국가대표 주식은 삼성전자뿐?,세계일보,20241117,http://www.segye.com/newsView/20241117502985?OutUrl=naver
"'6만 전자' 회복하나…삼성전자, 장 초반 6% 급등",MBN,20241118,http://mbn.mk.co.kr/pages/news/newsView.php?category=mbn00003&news_seq_no=5073028
"LG엔솔-삼성SDI, 영업이익 선두 엎치락뒤치락",데이터뉴스,20241119,http://www.datanews.co.kr/news/article.html?no=135637
"""삼성SDI, 북미 신규라인 조기 가동으로 매출성장 기대""<교보證>",뉴스투데이,20241120,https://www.news2day.co.kr/article/20241120500076
"에스코넥, 주가 급등…""삼성SDI, 북미라인 조기 가동"" 부품공급 부각",빅데이터뉴스,20241121,http://www.thebigdata.co.kr/view.php?ud=202411210420131197cd1e7f0bdf_23
[반전 노리는 삼성]④인적 쇄신 폭 커진다...주목받는 얼굴들,딜사이트경제TV,20241122,https://news.dealsitetv.com/news/articleView.html?idxno=127171
"삼성노조연대, ""삼성 조직문화, 현대판 골품제...낙하산·불통 심각""",알티케이뉴스,20241123,http://www.rightknow.co.kr/news/articleView.html?idxno=30158
[단독] 아우디 고성능 전기차에도 '삼성SDI 배터리' 심는다,서울경제,20241124,https://www.sedaily.com/NewsView/2DGYY214X5
"제이오, 삼성SDI에 탄소나노튜브 공급",지디넷코리아,20241125,https://zdnet.co.kr/view/?no=20241125091008
"엠오티, 삼성SDI에 ESS용 LFP 배터리 조립공정 라인 납품",뉴시스,20241126,https://www.newsis.com/view/NISX20241126_0002972619
"삼성 최초 전문경영인 여성 CEO 탄생, 전자 계열사 CEO들 유임될까",이투데이,20241127,https://www.etoday.co.kr/news/view/2423411
"삼성SDI, 신임 대표이사에 최주선 삼성디스플레이 사장 내정",뉴시스,20241128,https://www.newsis.com/view/NISX20241128_0002975729
"삼성, 계열사 컨설팅하는 경영진단실 신설",서울신문,20241129,https://www.seoul.co.kr/news/economy/industry/2024/11/29/20241129016007?wlog_tag3=naver
계열사 경쟁력 강화…글로벌리서치 경영진단실[삼성전자 지원 조직②],뉴시스,20241130,https://www.newsis.com/view/NISX20241129_0002978313
"'복합 위기' 삼성, 7년여만에 경영진단 부활…내부 쇄신역할 주목",연합뉴스,20241201,https://www.yna.co.kr/view/AKR20241129136300003?input=1195m
"삼성SDI, 임원 인사…박규성 부사장 등 12명 승진",뉴시스,20241202,https://www.newsis.com/view/NISX20241202_0002979668
"美, 삼성SDI·스텔란티스 합작법인에 10조5천억원 대출지원",연합뉴스,20241203,https://www.yna.co.kr/view/AKR20241203000300071?input=1195m
현금 두둑이 쌓은 대기업…삼성전자 잉여현금흐름 1년새 21조↑,뉴스1,20241204,https://www.news1.kr/industry/general-industry/5619582
삼성·SK·LG·현대차 인사 마무리…교집합은 '경험·트럼프·기술통',뉴스1,20241205,https://www.news1.kr/industry/general-industry/5622675
"4개월 동안 20조 판 외국인, 이 종목은 담았다",아시아경제,20241206,https://view.asiae.co.kr/article/2024120516290673347
"[영상] 美 정부효율부, 스타플러스에너지·리비안 대출 조사 예고…LG엔...",더구루,20241207,https://www.theguru.co.kr/news/article.html?no=80675
美IRA보조금 철폐 예고 '설상가상' K배터리 제조사 줄줄이 생존 기로,매일경제,20241208,https://www.mk.co.kr/article/11189078
'비상계엄 쇼크'…삼성·SK·LG 등 대기업 불확실성 대응 방안은,블로터,20241209,https://www.bloter.net/news/articleView.html?idxno=627844
현대차·삼성SDI·에코프로는 상승세..넥센타이어·SK이노베이션은 하락...,데일리카,20241210,https://www.dailycar.co.kr/content/news.html?type=view&autoId=55092
"이노메트리, 3D-CT검사기술로 삼성SDI 우수협력사 선정",이데일리,20241211,http://www.edaily.co.kr/news/newspath.asp?newsid=02345206639117536
"[ROE 분석] 삼성SDI, 수익성의 한계인가 성장의 발판인가",블로터,20241212,https://www.bloter.net/news/articleView.html?idxno=628027
"美 정부, 삼성SDI 배터리 합작사에 10조원 대출..지분 51% 담보제공",포쓰저널,20241213,http://www.4th.kr/news/articleView.html?idxno=2075370
"포스코퓨처엠 양극재, 트럼프 2기 출범에도 북미 시장 '정중동'",머니투데이,20241214,http://news.mt.co.kr/mtview.php?no=2024121315382030383
3년째 부회장 승진 없는 삼성·SK·LG…'조직 슬림화' 박차,뉴시스,20241215,https://www.newsis.com/view/NISX20241213_0002996650
"삼성SDI, GV90 배터리 韓·中 생산 타진",전자신문,20241216,https://www.etnews.com/20241216000287
"[탑픽전쟁] 대웅제약 vs 삼성SDI, 승리 전략은?",머니투데이방송,20241217,https://news.mtn.co.kr/news-detail/2024121719530471981
[2024 IT혁신상품] ESS 효율⋅안전 강화…삼성SDI 'SBB 1.5' 배터리 혁신...,디지털데일리,20241218,https://www.ddaily.co.kr/page/view/2024121715474710873
"""삼성SDI, 유럽향 판매부진 계속…목표가 48만→39만""-DB",한국경제,20241219,https://www.hankyung.com/article/2024121964346
"'반도체 50주년' 삼성전자 DS, 위기 극복 격려금 200만원 지급(종합2보)",연합뉴스,20241220,https://www.yna.co.kr/view/AKR20241220058952003?input=1195m
"삼성전자 DS부문, 격려금 200만원 받는다...메모리사업부는 200% 성과급도",아시아타임즈,20241221,https://www.asiatime.co.kr/article/20241221500017
"삼성SDI, 전기차 배터리 수요 부진에 4분기 실적 부진 전망",핀포인트뉴스,20241222,https://www.pinpointnews.co.kr/news/articleView.html?idxno=308101
"삼성SDI 헝가리 공장, 현지 원자력청서 방사선 설비 활용 '5년 연장' 허가",엠투데이,20241223,https://www.autodaily.co.kr/news/articleView.html?idxno=526069
"[단독] 삼성SDI, 배터리폭발에 '관할권 없음' 주장했지만…美 법원 '기각...",서울와이어,20241224,http://www.seoulwire.com/news/articleView.html?idxno=632009
"서학개미, 테슬라·팔란티어 업고 '활짝'... 삼성전자 베팅한 동학개미...",파이낸셜뉴스,20241225,http://www.fnnews.com/news/202412241640260763
외국인이 올해 삼성전자 10.3조 팔 때 개미는 12조 담았다,뉴스1,20241226,https://www.news1.kr/finance/general-stock/5641835
"삼성전자 연말 성과급, 반도체 12∼16%, 모바일 40∼44%(종합)",연합뉴스,20241227,https://www.yna.co.kr/view/AKR20241227055451003?input=1195m
“이러다 배터리까지 잠식당할라”…테슬라 ESS배터리는 中업체가 싹쓸...,매일경제,20241228,https://www.mk.co.kr/article/11205328
"삼성SDI·GM 배터리 합작공장, 새해 1분기 1조원 규모 장비 발주",전자신문,20241229,https://www.etnews.com/20241227000189
현대차·에코프로·LG에너지솔루션은 하락세..삼성SDI·SK이노베이션은...,데일리카,20241230,https://www.dailycar.co.kr/content/news.html?type=view&autoId=55260
[단독] 돈줄 말라가는 K배터리…삼성SDI 유상증자 추진했다 철회,한겨레,20241231,https://www.hani.co.kr/arti/economy/marketing/1175584.html
